[{"model": "app.word", "pk": 20, "fields": {"word": "Finger", "translation": "Finger", "part_of_speech": "1", "lection": 1}}, {"model": "app.word", "pk": 21, "fields": {"word": "Hand", "translation": "Hand", "part_of_speech": "1", "lection": 1}}, {"model": "app.word", "pk": 22, "fields": {"word": "Head", "translation": "Kopf", "part_of_speech": "1", "lection": 1}}, {"model": "app.word", "pk": 23, "fields": {"word": "Leg", "translation": "Bein", "part_of_speech": "1", "lection": 1}}, {"model": "app.word", "pk": 24, "fields": {"word": "Foot", "translation": "Fuß", "part_of_speech": "1", "lection": 1}}, {"model": "app.word", "pk": 25, "fields": {"word": "Nose", "translation": "Nase", "part_of_speech": "1", "lection": 1}}, {"model": "app.word", "pk": 26, "fields": {"word": "Ear", "translation": "Ohr", "part_of_speech": "1", "lection": 1}}, {"model": "app.word", "pk": 27, "fields": {"word": "Eye", "translation": "Auge", "part_of_speech": "1", "lection": 1}}, {"model": "app.word", "pk": 28, "fields": {"word": "Mouth", "translation": "Mund", "part_of_speech": "1", "lection": 1}}, {"model": "app.word", "pk": 29, "fields": {"word": "Hair", "translation": "Haar", "part_of_speech": "1", "lection": 1}}, {"model": "app.word", "pk": 30, "fields": {"word": "Mother", "translation": "Mutter", "part_of_speech": "1", "lection": 2}}, {"model": "app.word", "pk": 31, "fields": {"word": "Father", "translation": "Vater", "part_of_speech": "1", "lection": 2}}, {"model": "app.word", "pk": 32, "fields": {"word": "Sister", "translation": "Schwester", "part_of_speech": "1", "lection": 2}}, {"model": "app.word", "pk": 33, "fields": {"word": "Brother", "translation": "Bruder", "part_of_speech": "1", "lection": 2}}, {"model": "app.word", "pk": 34, "fields": {"word": "Daughter", "translation": "Tochter", "part_of_speech": "1", "lection": 2}}, {"model": "app.word", "pk": 35, "fields": {"word": "Son", "translation": "Sohn", "part_of_speech": "1", "lection": 2}}, {"model": "app.word", "pk": 36, "fields": {"word": "Aunt", "translation": "Tante", "part_of_speech": "1", "lection": 2}}, {"model": "app.word", "pk": 37, "fields": {"word": "Uncle", "translation": "Onkel", "part_of_speech": "1", "lection": 2}}, {"model": "app.word", "pk": 38, "fields": {"word": "Grandmother", "translation": "Großmutter", "part_of_speech": "1", "lection": 2}}, {"model": "app.word", "pk": 39, "fields": {"word": "Grandfather", "translation": "Großvater", "part_of_speech": "1", "lection": 2}}, {"model": "app.word", "pk": 40, "fields": {"word": "Lamp", "translation": "Lampe", "part_of_speech": "1", "lection": 3}}, {"model": "app.word", "pk": 41, "fields": {"word": "Bed", "translation": "Bett", "part_of_speech": "1", "lection": 3}}, {"model": "app.word", "pk": 42, "fields": {"word": "Book", "translation": "Buch", "part_of_speech": "1", "lection": 3}}, {"model": "app.word", "pk": 43, "fields": {"word": "Wardrobe", "translation": "Kleiderschrank", "part_of_speech": "1", "lection": 3}}, {"model": "app.word", "pk": 44, "fields": {"word": "Pillow", "translation": "Kissen", "part_of_speech": "1", "lection": 3}}, {"model": "app.word", "pk": 45, "fields": {"word": "Alarm clock", "translation": "Wecker", "part_of_speech": "1", "lection": 3}}, {"model": "app.word", "pk": 46, "fields": {"word": "Blanket", "translation": "Decke", "part_of_speech": "1", "lection": 3}}, {"model": "app.word", "pk": 47, "fields": {"word": "Window", "translation": "Fenster", "part_of_speech": "1", "lection": 3}}, {"model": "app.word", "pk": 48, "fields": {"word": "Door", "translation": "Tür", "part_of_speech": "1", "lection": 3}}, {"model": "app.word", "pk": 49, "fields": {"word": "Clock", "translation": "Uhr", "part_of_speech": "1", "lection": 3}}, {"model": "app.word", "pk": 50, "fields": {"word": "Plate", "translation": "Teller", "part_of_speech": "1", "lection": 4}}, {"model": "app.word", "pk": 51, "fields": {"word": "Spoon", "translation": "Löffel", "part_of_speech": "1", "lection": 4}}, {"model": "app.word", "pk": 52, "fields": {"word": "Fork", "translation": "Gabel", "part_of_speech": "1", "lection": 4}}, {"model": "app.word", "pk": 53, "fields": {"word": "Knife", "translation": "Messer", "part_of_speech": "1", "lection": 4}}, {"model": "app.word", "pk": 54, "fields": {"word": "Table", "translation": "Tisch", "part_of_speech": "1", "lection": 4}}, {"model": "app.word", "pk": 55, "fields": {"word": "Kitchen", "translation": "Küche", "part_of_speech": "1", "lection": 4}}, {"model": "app.sentence", "pk": 2, "fields": {"sentence_en": "A finger and a hand", "sentence_de": "Ein Finger und eine Hand", "lection": 1}}, {"model": "app.sentence", "pk": 3, "fields": {"sentence_en": "A leg and a foot", "sentence_de": "Ein Bein und ein Fuß", "lection": 1}}, {"model": "app.sentence", "pk": 4, "fields": {"sentence_en": "Eye Nose and Ear", "sentence_de": "Auge Nase und Ohr", "lection": 1}}, {"model": "app.sentence", "pk": 5, "fields": {"sentence_en": "My mother", "sentence_de": "Meine Mutter", "lection": 2}}, {"model": "app.sentence", "pk": 6, "fields": {"sentence_en": "My father", "sentence_de": "Mein Vater", "lection": 2}}, {"model": "app.sentence", "pk": 7, "fields": {"sentence_en": "My mother and my sister", "sentence_de": "Meine Mutter und meine Schwester", "lection": 2}}, {"model": "app.sentence", "pk": 8, "fields": {"sentence_en": "A lamp and my book", "sentence_de": "Eine Lampe und mein Buch", "lection": 3}}, {"model": "app.sentence", "pk": 9, "fields": {"sentence_en": "Pillow and blanket", "sentence_de": "Kissen und Decke", "lection": 3}}, {"model": "app.sentence", "pk": 10, "fields": {"sentence_en": "Blanket and pillow", "sentence_de": "Decke und Kissen", "lection": 3}}, {"model": "app.sentence", "pk": 11, "fields": {"sentence_en": "The alarm clock", "sentence_de": "Der Wecker", "lection": 3}}, {"model": "app.sentence", "pk": 12, "fields": {"sentence_en": "The clock and the window", "sentence_de": "Die Uhr und das Fenster", "lection": 3}}, {"model": "app.sentence", "pk": 13, "fields": {"sentence_en": "Knife and fork", "sentence_de": "Messer und Gabel", "lection": 4}}, {"model": "app.sentence", "pk": 14, "fields": {"sentence_en": "The spoon on the plate", "sentence_de": "Der Löffel auf dem Teller", "lection": 4}}, {"model": "app.timestamp", "pk": 1, "fields": {"date": "2023-11-24", "hour": 16, "related_users": [2]}}, {"model": "app.timestamp", "pk": 2, "fields": {"date": "2023-11-26", "hour": 20, "related_users": []}}, {"model": "app.timestamp", "pk": 3, "fields": {"date": "2023-11-28", "hour": 9, "related_users": [1]}}, {"model": "app.timestamp", "pk": 4, "fields": {"date": "2023-11-28", "hour": 11, "related_users": [1]}}, {"model": "app.timestamp", "pk": 5, "fields": {"date": "2023-11-28", "hour": 12, "related_users": []}}, {"model": "app.timestamp", "pk": 6, "fields": {"date": "2023-11-29", "hour": 10, "related_users": []}}, {"model": "app.timestamp", "pk": 7, "fields": {"date": "2023-11-29", "hour": 11, "related_users": [1]}}, {"model": "app.timestamp", "pk": 8, "fields": {"date": "2023-11-29", "hour": 13, "related_users": [1]}}, {"model": "app.timestamp", "pk": 9, "fields": {"date": "2023-11-29", "hour": 22, "related_users": [1]}}, {"model": "app.timestamp", "pk": 10, "fields": {"date": "2023-11-29", "hour": 23, "related_users": [1]}}, {"model": "app.timestamp", "pk": 11, "fields": {"date": "2023-11-30", "hour": 9, "related_users": [1]}}, {"model": "app.timestamp", "pk": 12, "fields": {"date": "2023-11-30", "hour": 10, "related_users": [1]}}, {"model": "app.timestamp", "pk": 13, "fields": {"date": "2023-11-30", "hour": 13, "related_users": []}}, {"model": "app.timestamp", "pk": 14, "fields": {"date": "2023-11-30", "hour": 14, "related_users": [1]}}, {"model": "app.timestamp", "pk": 15, "fields": {"date": "2023-11-30", "hour": 12, "related_users": []}}, {"model": "app.timestamp", "pk": 16, "fields": {"date": "2023-11-30", "hour": 15, "related_users": [1]}}, {"model": "app.timestamp", "pk": 17, "fields": {"date": "2023-11-30", "hour": 16, "related_users": [1]}}, {"model": "app.timestamp", "pk": 18, "fields": {"date": "2023-11-30", "hour": 22, "related_users": [1]}}, {"model": "app.timestamp", "pk": 19, "fields": {"date": "2023-11-30", "hour": 21, "related_users": []}}, {"model": "app.timestamp", "pk": 20, "fields": {"date": "2023-12-01", "hour": 10, "related_users": [1, 3]}}, {"model": "app.timestamp", "pk": 21, "fields": {"date": "2023-12-01", "hour": 9, "related_users": []}}, {"model": "app.timestamp", "pk": 22, "fields": {"date": "2023-12-01", "hour": 11, "related_users": [3]}}, {"model": "app.timestamp", "pk": 23, "fields": {"date": "2023-12-01", "hour": 12, "related_users": [1, 3]}}, {"model": "app.timestamp", "pk": 24, "fields": {"date": "2023-12-01", "hour": 13, "related_users": [3]}}, {"model": "app.timestamp", "pk": 25, "fields": {"date": "2023-12-01", "hour": 14, "related_users": [3]}}, {"model": "app.timestamp", "pk": 26, "fields": {"date": "2023-12-01", "hour": 15, "related_users": [3]}}, {"model": "app.streaks", "pk": 1, "fields": {"user": 1, "learning_times": [3, 4, 7, 8, 9, 10, 11, 12, 14, 16, 17, 18, 20, 23]}}, {"model": "app.streaks", "pk": 2, "fields": {"user": 2, "learning_times": [1]}}, {"model": "app.streaks", "pk": 3, "fields": {"user": 3, "learning_times": [20, 22, 23, 24, 25, 26]}}, {"model": "app.progressperhour", "pk": 1, "fields": {"time_stamp": 3, "user": 1, "count": 4, "correct_count": 4}}, {"model": "app.progressperhour", "pk": 2, "fields": {"time_stamp": 7, "user": 1, "count": 8, "correct_count": 2}}, {"model": "app.progressperhour", "pk": 3, "fields": {"time_stamp": 8, "user": 1, "count": 8, "correct_count": 7}}, {"model": "app.progressperhour", "pk": 4, "fields": {"time_stamp": 9, "user": 1, "count": 1, "correct_count": 0}}, {"model": "app.progressperhour", "pk": 5, "fields": {"time_stamp": 10, "user": 1, "count": 5, "correct_count": 1}}, {"model": "app.progressperhour", "pk": 6, "fields": {"time_stamp": 11, "user": 1, "count": 1, "correct_count": 0}}, {"model": "app.progressperhour", "pk": 7, "fields": {"time_stamp": 12, "user": 1, "count": 4, "correct_count": 3}}, {"model": "app.progressperhour", "pk": 8, "fields": {"time_stamp": 14, "user": 1, "count": 5, "correct_count": 3}}, {"model": "app.progressperhour", "pk": 9, "fields": {"time_stamp": 16, "user": 1, "count": 17, "correct_count": 7}}, {"model": "app.progressperhour", "pk": 10, "fields": {"time_stamp": 17, "user": 1, "count": 5, "correct_count": 5}}, {"model": "app.progressperhour", "pk": 11, "fields": {"time_stamp": 18, "user": 1, "count": 22, "correct_count": 18}}, {"model": "app.progressperhour", "pk": 12, "fields": {"time_stamp": 20, "user": 1, "count": 6, "correct_count": 6}}, {"model": "app.progressperhour", "pk": 13, "fields": {"time_stamp": 20, "user": 3, "count": 5, "correct_count": 5}}, {"model": "app.progressperhour", "pk": 14, "fields": {"time_stamp": 22, "user": 3, "count": 68, "correct_count": 52}}, {"model": "app.progressperhour", "pk": 15, "fields": {"time_stamp": 23, "user": 3, "count": 26, "correct_count": 22}}, {"model": "app.progressperhour", "pk": 16, "fields": {"time_stamp": 23, "user": 1, "count": 29, "correct_count": 6}}, {"model": "app.progressperhour", "pk": 17, "fields": {"time_stamp": 24, "user": 3, "count": 3, "correct_count": 3}}, {"model": "app.progressperhour", "pk": 18, "fields": {"time_stamp": 25, "user": 3, "count": 6, "correct_count": 4}}, {"model": "app.progressperhour", "pk": 19, "fields": {"time_stamp": 26, "user": 3, "count": 21, "correct_count": 15}}, {"model": "app.lectionprogress", "pk": 1, "fields": {"lection_number": 1, "user": 1, "progress": 0.03076923053254438, "unlocked": true, "tmp_lection_prg": 0}}, {"model": "app.lectionprogress", "pk": 2, "fields": {"lection_number": 2, "user": 1, "progress": 0.0, "unlocked": true, "tmp_lection_prg": 0}}, {"model": "app.lectionprogress", "pk": 3, "fields": {"lection_number": 3, "user": 1, "progress": 0.0, "unlocked": false, "tmp_lection_prg": 0}}, {"model": "app.lectionprogress", "pk": 4, "fields": {"lection_number": 1, "user": 2, "progress": 0.0, "unlocked": true, "tmp_lection_prg": 0}}, {"model": "app.lectionprogress", "pk": 5, "fields": {"lection_number": 2, "user": 2, "progress": 0.0, "unlocked": false, "tmp_lection_prg": 0}}, {"model": "app.lectionprogress", "pk": 6, "fields": {"lection_number": 3, "user": 2, "progress": 0.0, "unlocked": false, "tmp_lection_prg": 0}}, {"model": "app.lectionprogress", "pk": 7, "fields": {"lection_number": 4, "user": 1, "progress": 0.0, "unlocked": false, "tmp_lection_prg": 0}}, {"model": "app.lectionprogress", "pk": 8, "fields": {"lection_number": 1, "user": 3, "progress": 0.4999999961538462, "unlocked": true, "tmp_lection_prg": 0}}, {"model": "app.lectionprogress", "pk": 9, "fields": {"lection_number": 2, "user": 3, "progress": 0.23076922899408286, "unlocked": true, "tmp_lection_prg": 0}}, {"model": "app.lectionprogress", "pk": 10, "fields": {"lection_number": 3, "user": 3, "progress": 0.0, "unlocked": false, "tmp_lection_prg": 0}}, {"model": "app.lectionprogress", "pk": 11, "fields": {"lection_number": 4, "user": 3, "progress": 0.0, "unlocked": false, "tmp_lection_prg": 0}}, {"model": "app.progress", "pk": 15, "fields": {"word": 26, "user": 1, "progress": 0, "last_time_learned": "2023-12-01T11:22:02.205Z"}}, {"model": "app.progress", "pk": 16, "fields": {"word": 27, "user": 1, "progress": 0, "last_time_learned": "2023-12-01T09:50:23.215Z"}}, {"model": "app.progress", "pk": 17, "fields": {"word": 20, "user": 1, "progress": 0, "last_time_learned": "2023-12-01T09:50:23.221Z"}}, {"model": "app.progress", "pk": 18, "fields": {"word": 24, "user": 1, "progress": 0, "last_time_learned": "2023-12-01T09:50:23.228Z"}}, {"model": "app.progress", "pk": 19, "fields": {"word": 29, "user": 1, "progress": 0, "last_time_learned": "2023-12-01T09:50:23.236Z"}}, {"model": "app.progress", "pk": 20, "fields": {"word": 21, "user": 1, "progress": 0, "last_time_learned": "2023-12-01T11:21:47.705Z"}}, {"model": "app.progress", "pk": 21, "fields": {"word": 22, "user": 1, "progress": 1, "last_time_learned": "2023-12-01T11:39:03.426Z"}}, {"model": "app.progress", "pk": 22, "fields": {"word": 23, "user": 1, "progress": 1, "last_time_learned": "2023-12-01T11:25:04.087Z"}}, {"model": "app.progress", "pk": 23, "fields": {"word": 28, "user": 1, "progress": 0, "last_time_learned": "2023-12-01T11:20:55.575Z"}}, {"model": "app.progress", "pk": 24, "fields": {"word": 25, "user": 1, "progress": 0, "last_time_learned": "2023-12-01T09:50:23.268Z"}}, {"model": "app.progress", "pk": 25, "fields": {"word": null, "user": 1, "progress": 2, "last_time_learned": "2023-12-01T11:24:51.458Z"}}, {"model": "app.progress", "pk": 26, "fields": {"word": null, "user": 1, "progress": 0, "last_time_learned": "2023-12-01T09:50:44.037Z"}}, {"model": "app.progress", "pk": 27, "fields": {"word": null, "user": 1, "progress": 0, "last_time_learned": "2023-12-01T09:50:44.045Z"}}, {"model": "app.progress", "pk": 28, "fields": {"word": 26, "user": 3, "progress": 4, "last_time_learned": "2023-12-01T13:14:04.322Z"}}, {"model": "app.progress", "pk": 29, "fields": {"word": 21, "user": 3, "progress": 7, "last_time_learned": "2023-12-01T13:13:55.064Z"}}, {"model": "app.progress", "pk": 30, "fields": {"word": 27, "user": 3, "progress": 6, "last_time_learned": "2023-12-01T10:29:26.672Z"}}, {"model": "app.progress", "pk": 31, "fields": {"word": 20, "user": 3, "progress": 5, "last_time_learned": "2023-12-01T11:12:08.603Z"}}, {"model": "app.progress", "pk": 32, "fields": {"word": 24, "user": 3, "progress": 5, "last_time_learned": "2023-12-01T11:17:35.000Z"}}, {"model": "app.progress", "pk": 33, "fields": {"word": 29, "user": 3, "progress": 6, "last_time_learned": "2023-12-01T13:06:08.833Z"}}, {"model": "app.progress", "pk": 34, "fields": {"word": 22, "user": 3, "progress": 5, "last_time_learned": "2023-12-01T11:13:25.342Z"}}, {"model": "app.progress", "pk": 35, "fields": {"word": 23, "user": 3, "progress": 4, "last_time_learned": "2023-12-01T13:14:21.002Z"}}, {"model": "app.progress", "pk": 36, "fields": {"word": 28, "user": 3, "progress": 6, "last_time_learned": "2023-12-01T12:59:57.415Z"}}, {"model": "app.progress", "pk": 37, "fields": {"word": 25, "user": 3, "progress": 6, "last_time_learned": "2023-12-01T11:17:38.025Z"}}, {"model": "app.progress", "pk": 38, "fields": {"word": null, "user": 3, "progress": 0, "last_time_learned": "2023-12-01T10:01:08.425Z"}}, {"model": "app.progress", "pk": 39, "fields": {"word": null, "user": 3, "progress": 11, "last_time_learned": "2023-12-01T11:14:26.014Z"}}, {"model": "app.progress", "pk": 40, "fields": {"word": null, "user": 3, "progress": 0, "last_time_learned": "2023-12-01T10:01:08.440Z"}}, {"model": "app.progress", "pk": 41, "fields": {"word": 36, "user": 3, "progress": 2, "last_time_learned": "2023-12-01T10:34:49.339Z"}}, {"model": "app.progress", "pk": 42, "fields": {"word": 33, "user": 3, "progress": 0, "last_time_learned": "2023-12-01T14:42:24.887Z"}}, {"model": "app.progress", "pk": 43, "fields": {"word": 34, "user": 3, "progress": 3, "last_time_learned": "2023-12-01T14:42:18.156Z"}}, {"model": "app.progress", "pk": 44, "fields": {"word": 31, "user": 3, "progress": 3, "last_time_learned": "2023-12-01T14:42:41.562Z"}}, {"model": "app.progress", "pk": 45, "fields": {"word": 39, "user": 3, "progress": 1, "last_time_learned": "2023-12-01T14:21:48.403Z"}}, {"model": "app.progress", "pk": 46, "fields": {"word": 38, "user": 3, "progress": 4, "last_time_learned": "2023-12-01T14:42:37.292Z"}}, {"model": "app.progress", "pk": 47, "fields": {"word": 30, "user": 3, "progress": 1, "last_time_learned": "2023-12-01T10:33:18.843Z"}}, {"model": "app.progress", "pk": 48, "fields": {"word": 32, "user": 3, "progress": 1, "last_time_learned": "2023-12-01T10:33:27.800Z"}}, {"model": "app.progress", "pk": 49, "fields": {"word": 35, "user": 3, "progress": 2, "last_time_learned": "2023-12-01T14:22:02.842Z"}}, {"model": "app.progress", "pk": 50, "fields": {"word": 37, "user": 3, "progress": 3, "last_time_learned": "2023-12-01T14:42:01.198Z"}}, {"model": "app.progress", "pk": 51, "fields": {"word": null, "user": 3, "progress": 0, "last_time_learned": "2023-12-01T10:34:01.834Z"}}, {"model": "app.progress", "pk": 52, "fields": {"word": null, "user": 3, "progress": 10, "last_time_learned": "2023-12-01T14:42:32.648Z"}}, {"model": "app.progress", "pk": 53, "fields": {"word": null, "user": 3, "progress": 0, "last_time_learned": "2023-12-01T10:34:01.852Z"}}, {"model": "app.progresssentence", "pk": 25, "fields": {"sentence": 2}}, {"model": "app.progresssentence", "pk": 26, "fields": {"sentence": 3}}, {"model": "app.progresssentence", "pk": 27, "fields": {"sentence": 4}}, {"model": "app.progresssentence", "pk": 38, "fields": {"sentence": 2}}, {"model": "app.progresssentence", "pk": 39, "fields": {"sentence": 3}}, {"model": "app.progresssentence", "pk": 40, "fields": {"sentence": 4}}, {"model": "app.progresssentence", "pk": 51, "fields": {"sentence": 5}}, {"model": "app.progresssentence", "pk": 52, "fields": {"sentence": 6}}, {"model": "app.progresssentence", "pk": 53, "fields": {"sentence": 7}}, {"model": "app.usersettings", "pk": 3, "fields": {"user": 1, "lives": 0, "timer": "2023-12-01T11:30:51.342Z"}}, {"model": "app.usersettings", "pk": 4, "fields": {"user": 2, "lives": 5, "timer": null}}, {"model": "app.usersettings", "pk": 5, "fields": {"user": 3, "lives": 5, "timer": "2023-12-01T14:42:24.883Z"}}, {"model": "admin.logentry", "pk": 1, "fields": {"action_time": "2023-11-08T16:03:01.298Z", "user": 1, "content_type": 15, "object_id": "1", "object_repr": "Word object (1)", "action_flag": 1, "change_message": "[{\"added\": {}}]"}}, {"model": "admin.logentry", "pk": 2, "fields": {"action_time": "2023-11-08T16:04:11.830Z", "user": 1, "content_type": 15, "object_id": "2", "object_repr": "Word object (2)", "action_flag": 1, "change_message": "[{\"added\": {}}]"}}, {"model": "admin.logentry", "pk": 3, "fields": {"action_time": "2023-11-08T16:19:54.983Z", "user": 1, "content_type": 15, "object_id": "3", "object_repr": "Word object (3)", "action_flag": 1, "change_message": "[{\"added\": {}}]"}}, {"model": "admin.logentry", "pk": 4, "fields": {"action_time": "2023-11-08T16:20:44.292Z", "user": 1, "content_type": 15, "object_id": "4", "object_repr": "Word object (4)", "action_flag": 1, "change_message": "[{\"added\": {}}]"}}, {"model": "admin.logentry", "pk": 5, "fields": {"action_time": "2023-11-20T20:02:44.928Z", "user": 1, "content_type": 17, "object_id": "1", "object_repr": "A man sits in a car.", "action_flag": 1, "change_message": "[{\"added\": {}}]"}}, {"model": "admin.logentry", "pk": 6, "fields": {"action_time": "2023-11-22T13:12:52.115Z", "user": 1, "content_type": 21, "object_id": "1", "object_repr": "Vortschritt in Lektion 1 für s2197", "action_flag": 1, "change_message": "[{\"added\": {}}]"}}, {"model": "admin.logentry", "pk": 7, "fields": {"action_time": "2023-11-22T13:13:33.015Z", "user": 1, "content_type": 15, "object_id": "8", "object_repr": "Language: Sprache", "action_flag": 2, "change_message": "[{\"changed\": {\"fields\": [\"Translation\"]}}]"}}, {"model": "admin.logentry", "pk": 8, "fields": {"action_time": "2023-11-22T13:25:51.482Z", "user": 1, "content_type": 21, "object_id": "2", "object_repr": "Vortschritt in Lektion 2 für s2197", "action_flag": 1, "change_message": "[{\"added\": {}}]"}}, {"model": "admin.logentry", "pk": 9, "fields": {"action_time": "2023-11-22T13:34:54.015Z", "user": 1, "content_type": 21, "object_id": "1", "object_repr": "Fortschritt in Lektion 1 für s2197", "action_flag": 2, "change_message": "[{\"changed\": {\"fields\": [\"Progress\"]}}]"}}, {"model": "admin.logentry", "pk": 10, "fields": {"action_time": "2023-11-22T17:00:49.040Z", "user": 1, "content_type": 21, "object_id": "2", "object_repr": "Fortschritt in Lektion 2 für s2197", "action_flag": 2, "change_message": "[{\"changed\": {\"fields\": [\"Progress\"]}}]"}}, {"model": "admin.logentry", "pk": 11, "fields": {"action_time": "2023-11-22T17:01:25.219Z", "user": 1, "content_type": 21, "object_id": "1", "object_repr": "Fortschritt in Lektion 1 für s2197", "action_flag": 2, "change_message": "[{\"changed\": {\"fields\": [\"Unlocked\"]}}]"}}, {"model": "admin.logentry", "pk": 12, "fields": {"action_time": "2023-11-22T17:07:22.505Z", "user": 1, "content_type": 15, "object_id": "9", "object_repr": "Human: Mensch", "action_flag": 2, "change_message": "[{\"changed\": {\"fields\": [\"Lection\"]}}]"}}, {"model": "admin.logentry", "pk": 13, "fields": {"action_time": "2023-11-22T17:07:26.783Z", "user": 1, "content_type": 15, "object_id": "8", "object_repr": "Language: Sprache", "action_flag": 2, "change_message": "[{\"changed\": {\"fields\": [\"Lection\"]}}]"}}, {"model": "admin.logentry", "pk": 14, "fields": {"action_time": "2023-11-22T17:07:35.853Z", "user": 1, "content_type": 15, "object_id": "7", "object_repr": "Car: Auto", "action_flag": 2, "change_message": "[{\"changed\": {\"fields\": [\"Lection\"]}}]"}}, {"model": "admin.logentry", "pk": 15, "fields": {"action_time": "2023-11-22T17:07:47.147Z", "user": 1, "content_type": 15, "object_id": "1", "object_repr": "water: Wasser", "action_flag": 2, "change_message": "[{\"changed\": {\"fields\": [\"Lection\"]}}]"}}, {"model": "admin.logentry", "pk": 16, "fields": {"action_time": "2023-11-22T17:18:03.768Z", "user": 1, "content_type": 21, "object_id": "1", "object_repr": "Fortschritt in Lektion 1 für s2197", "action_flag": 2, "change_message": "[{\"changed\": {\"fields\": [\"Progress\"]}}]"}}, {"model": "admin.logentry", "pk": 17, "fields": {"action_time": "2023-11-22T21:36:06.485Z", "user": 1, "content_type": 15, "object_id": "10", "object_repr": "Desk: Schreibtisch", "action_flag": 1, "change_message": "[{\"added\": {}}]"}}, {"model": "admin.logentry", "pk": 18, "fields": {"action_time": "2023-11-22T21:40:44.399Z", "user": 1, "content_type": 21, "object_id": "3", "object_repr": "Fortschritt in Lektion 3 für s2197", "action_flag": 1, "change_message": "[{\"added\": {}}]"}}, {"model": "admin.logentry", "pk": 19, "fields": {"action_time": "2023-11-22T21:41:15.663Z", "user": 1, "content_type": 15, "object_id": "11", "object_repr": "Pencil: Bleistift", "action_flag": 1, "change_message": "[{\"added\": {}}]"}}, {"model": "admin.logentry", "pk": 20, "fields": {"action_time": "2023-11-22T21:41:40.628Z", "user": 1, "content_type": 15, "object_id": "12", "object_repr": "Scissors: Schere", "action_flag": 1, "change_message": "[{\"added\": {}}]"}}, {"model": "admin.logentry", "pk": 21, "fields": {"action_time": "2023-11-22T21:43:38.786Z", "user": 1, "content_type": 15, "object_id": "13", "object_repr": "Eraser: Radiergummi", "action_flag": 1, "change_message": "[{\"added\": {}}]"}}, {"model": "admin.logentry", "pk": 22, "fields": {"action_time": "2023-11-24T14:09:10.679Z", "user": 1, "content_type": 6, "object_id": "2", "object_repr": "user_user", "action_flag": 1, "change_message": "[{\"added\": {}}]"}}, {"model": "admin.logentry", "pk": 23, "fields": {"action_time": "2023-11-24T14:09:23.904Z", "user": 1, "content_type": 21, "object_id": "4", "object_repr": "Fortschritt in Lektion 1 für user_user", "action_flag": 1, "change_message": "[{\"added\": {}}]"}}, {"model": "admin.logentry", "pk": 24, "fields": {"action_time": "2023-11-24T14:31:06.195Z", "user": 1, "content_type": 21, "object_id": "1", "object_repr": "Fortschritt in Lektion 1 für s2197", "action_flag": 2, "change_message": "[{\"changed\": {\"fields\": [\"Progress\"]}}]"}}, {"model": "admin.logentry", "pk": 25, "fields": {"action_time": "2023-11-24T14:32:10.811Z", "user": 1, "content_type": 21, "object_id": "2", "object_repr": "Fortschritt in Lektion 2 für s2197", "action_flag": 2, "change_message": "[{\"changed\": {\"fields\": [\"Tmp lection prg\"]}}]"}}, {"model": "admin.logentry", "pk": 26, "fields": {"action_time": "2023-11-24T14:32:15.647Z", "user": 1, "content_type": 21, "object_id": "1", "object_repr": "Fortschritt in Lektion 1 für s2197", "action_flag": 2, "change_message": "[{\"changed\": {\"fields\": [\"Tmp lection prg\"]}}]"}}, {"model": "admin.logentry", "pk": 27, "fields": {"action_time": "2023-11-24T14:32:24.501Z", "user": 1, "content_type": 21, "object_id": "2", "object_repr": "Fortschritt in Lektion 2 für s2197", "action_flag": 2, "change_message": "[{\"changed\": {\"fields\": [\"Unlocked\"]}}]"}}, {"model": "admin.logentry", "pk": 28, "fields": {"action_time": "2023-11-24T14:32:44.814Z", "user": 1, "content_type": 21, "object_id": "2", "object_repr": "Fortschritt in Lektion 2 für s2197", "action_flag": 2, "change_message": "[{\"changed\": {\"fields\": [\"Unlocked\"]}}]"}}, {"model": "admin.logentry", "pk": 29, "fields": {"action_time": "2023-11-24T14:32:52.663Z", "user": 1, "content_type": 21, "object_id": "1", "object_repr": "Fortschritt in Lektion 1 für s2197", "action_flag": 2, "change_message": "[{\"changed\": {\"fields\": [\"Progress\"]}}]"}}, {"model": "admin.logentry", "pk": 30, "fields": {"action_time": "2023-11-24T15:01:15.333Z", "user": 1, "content_type": 15, "object_id": "12", "object_repr": "Scissors: Schere", "action_flag": 2, "change_message": "[{\"changed\": {\"fields\": [\"Lection\"]}}]"}}, {"model": "admin.logentry", "pk": 31, "fields": {"action_time": "2023-11-24T15:02:01.413Z", "user": 1, "content_type": 15, "object_id": "12", "object_repr": "Scissors: Schere", "action_flag": 2, "change_message": "[{\"changed\": {\"fields\": [\"Lection\"]}}]"}}, {"model": "admin.logentry", "pk": 32, "fields": {"action_time": "2023-11-24T15:03:14.173Z", "user": 1, "content_type": 21, "object_id": "1", "object_repr": "Fortschritt in Lektion 1 für s2197", "action_flag": 2, "change_message": "[{\"changed\": {\"fields\": [\"Progress\", \"Tmp lection prg\"]}}]"}}, {"model": "admin.logentry", "pk": 33, "fields": {"action_time": "2023-11-29T10:01:09.388Z", "user": 1, "content_type": 23, "object_id": "1", "object_repr": "UserSettings object (1)", "action_flag": 1, "change_message": "[{\"added\": {}}]"}}, {"model": "admin.logentry", "pk": 34, "fields": {"action_time": "2023-11-29T10:04:37.991Z", "user": 1, "content_type": 23, "object_id": "1", "object_repr": "UserSettings object (1)", "action_flag": 3, "change_message": ""}}, {"model": "admin.logentry", "pk": 35, "fields": {"action_time": "2023-11-29T10:04:42.435Z", "user": 1, "content_type": 23, "object_id": "2", "object_repr": "UserSettings object (2)", "action_flag": 1, "change_message": "[{\"added\": {}}]"}}, {"model": "admin.logentry", "pk": 36, "fields": {"action_time": "2023-11-29T10:07:57.270Z", "user": 1, "content_type": 23, "object_id": "2", "object_repr": "UserSettings object (2)", "action_flag": 3, "change_message": ""}}, {"model": "admin.logentry", "pk": 37, "fields": {"action_time": "2023-11-29T10:08:23.594Z", "user": 1, "content_type": 23, "object_id": "3", "object_repr": "UserSettings object (3)", "action_flag": 1, "change_message": "[{\"added\": {}}]"}}, {"model": "admin.logentry", "pk": 38, "fields": {"action_time": "2023-11-29T21:25:17.533Z", "user": 1, "content_type": 23, "object_id": "4", "object_repr": "User: s2197, Anzahl Leben: 5", "action_flag": 1, "change_message": "[{\"added\": {}}]"}}, {"model": "admin.logentry", "pk": 39, "fields": {"action_time": "2023-11-29T21:27:44.732Z", "user": 1, "content_type": 23, "object_id": "4", "object_repr": "User: s2197, Anzahl Leben: 5", "action_flag": 3, "change_message": ""}}, {"model": "admin.logentry", "pk": 40, "fields": {"action_time": "2023-11-30T09:18:16.415Z", "user": 1, "content_type": 23, "object_id": "3", "object_repr": "User: s2197, Anzahl Leben: 3", "action_flag": 2, "change_message": "[{\"changed\": {\"fields\": [\"Timer\"]}}]"}}, {"model": "admin.logentry", "pk": 41, "fields": {"action_time": "2023-11-30T09:22:17.556Z", "user": 1, "content_type": 23, "object_id": "3", "object_repr": "User: s2197, Anzahl Leben: 2", "action_flag": 2, "change_message": "[{\"changed\": {\"fields\": [\"Timer\"]}}]"}}, {"model": "admin.logentry", "pk": 42, "fields": {"action_time": "2023-11-30T09:49:56.287Z", "user": 1, "content_type": 23, "object_id": "3", "object_repr": "User: s2197, Anzahl Leben: 4", "action_flag": 2, "change_message": "[{\"changed\": {\"fields\": [\"Lives\"]}}]"}}, {"model": "admin.logentry", "pk": 43, "fields": {"action_time": "2023-11-30T21:43:03.876Z", "user": 1, "content_type": 15, "object_id": "14", "object_repr": "Cat: Katze (Lektion: 1)", "action_flag": 3, "change_message": ""}}, {"model": "admin.logentry", "pk": 44, "fields": {"action_time": "2023-11-30T21:43:07.775Z", "user": 1, "content_type": 15, "object_id": "15", "object_repr": "Dog: Hund (Lektion: 1)", "action_flag": 3, "change_message": ""}}, {"model": "admin.logentry", "pk": 45, "fields": {"action_time": "2023-11-30T21:43:52.667Z", "user": 1, "content_type": 15, "object_id": "18", "object_repr": "Language: spreache (Lektion: 1)", "action_flag": 3, "change_message": ""}}, {"model": "admin.logentry", "pk": 46, "fields": {"action_time": "2023-11-30T21:44:16.654Z", "user": 1, "content_type": 15, "object_id": "17", "object_repr": "Car: Auto (Lektion: 1)", "action_flag": 3, "change_message": ""}}, {"model": "admin.logentry", "pk": 47, "fields": {"action_time": "2023-11-30T21:44:16.663Z", "user": 1, "content_type": 15, "object_id": "19", "object_repr": "Human: Mensch (Lektion: 1)", "action_flag": 3, "change_message": ""}}, {"model": "admin.logentry", "pk": 48, "fields": {"action_time": "2023-12-01T09:44:43.986Z", "user": 1, "content_type": 15, "object_id": "5", "object_repr": "Cat: Katze (Lektion: 1)", "action_flag": 3, "change_message": ""}}, {"model": "admin.logentry", "pk": 49, "fields": {"action_time": "2023-12-01T09:44:43.992Z", "user": 1, "content_type": 15, "object_id": "6", "object_repr": "Dog: Hund (Lektion: 1)", "action_flag": 3, "change_message": ""}}, {"model": "admin.logentry", "pk": 50, "fields": {"action_time": "2023-12-01T09:44:43.997Z", "user": 1, "content_type": 15, "object_id": "16", "object_repr": "Mouse: Maus (Lektion: 1)", "action_flag": 3, "change_message": ""}}, {"model": "admin.logentry", "pk": 51, "fields": {"action_time": "2023-12-01T09:44:44.003Z", "user": 1, "content_type": 15, "object_id": "4", "object_repr": "house: Haus (Lektion: 1)", "action_flag": 3, "change_message": ""}}, {"model": "admin.logentry", "pk": 52, "fields": {"action_time": "2023-12-01T09:44:44.008Z", "user": 1, "content_type": 15, "object_id": "3", "object_repr": "moon: Mond (Lektion: 1)", "action_flag": 3, "change_message": ""}}, {"model": "admin.logentry", "pk": 53, "fields": {"action_time": "2023-12-01T09:44:44.013Z", "user": 1, "content_type": 15, "object_id": "2", "object_repr": "sun: Sonne (Lektion: 1)", "action_flag": 3, "change_message": ""}}, {"model": "admin.logentry", "pk": 54, "fields": {"action_time": "2023-12-01T09:44:44.016Z", "user": 1, "content_type": 15, "object_id": "7", "object_repr": "Car: Auto (Lektion: 2)", "action_flag": 3, "change_message": ""}}, {"model": "admin.logentry", "pk": 55, "fields": {"action_time": "2023-12-01T09:44:44.020Z", "user": 1, "content_type": 15, "object_id": "9", "object_repr": "Human: Mensch (Lektion: 2)", "action_flag": 3, "change_message": ""}}, {"model": "admin.logentry", "pk": 56, "fields": {"action_time": "2023-12-01T09:44:44.024Z", "user": 1, "content_type": 15, "object_id": "8", "object_repr": "Language: Sprache (Lektion: 2)", "action_flag": 3, "change_message": ""}}, {"model": "admin.logentry", "pk": 57, "fields": {"action_time": "2023-12-01T09:44:44.029Z", "user": 1, "content_type": 15, "object_id": "1", "object_repr": "water: Wasser (Lektion: 2)", "action_flag": 3, "change_message": ""}}, {"model": "admin.logentry", "pk": 58, "fields": {"action_time": "2023-12-01T09:44:44.032Z", "user": 1, "content_type": 15, "object_id": "10", "object_repr": "Desk: Schreibtisch (Lektion: 3)", "action_flag": 3, "change_message": ""}}, {"model": "admin.logentry", "pk": 59, "fields": {"action_time": "2023-12-01T09:44:44.036Z", "user": 1, "content_type": 15, "object_id": "13", "object_repr": "Eraser: Radiergummi (Lektion: 3)", "action_flag": 3, "change_message": ""}}, {"model": "admin.logentry", "pk": 60, "fields": {"action_time": "2023-12-01T09:44:44.039Z", "user": 1, "content_type": 15, "object_id": "11", "object_repr": "Pencil: Bleistift (Lektion: 3)", "action_flag": 3, "change_message": ""}}, {"model": "admin.logentry", "pk": 61, "fields": {"action_time": "2023-12-01T09:44:44.042Z", "user": 1, "content_type": 15, "object_id": "12", "object_repr": "Scissors: Schere (Lektion: 3)", "action_flag": 3, "change_message": ""}}, {"model": "admin.logentry", "pk": 62, "fields": {"action_time": "2023-12-01T09:44:58.175Z", "user": 1, "content_type": 17, "object_id": "1", "object_repr": "A man sits in a car.", "action_flag": 3, "change_message": ""}}, {"model": "admin.logentry", "pk": 63, "fields": {"action_time": "2023-12-01T09:45:25.212Z", "user": 1, "content_type": 21, "object_id": "3", "object_repr": "Fortschritt in Lektion 3 für s2197", "action_flag": 2, "change_message": "[{\"changed\": {\"fields\": [\"Unlocked\"]}}]"}}, {"model": "admin.logentry", "pk": 64, "fields": {"action_time": "2023-12-01T09:49:40.646Z", "user": 1, "content_type": 15, "object_id": "24", "object_repr": "Foot: Fuß (Lektion: 1)", "action_flag": 2, "change_message": "[{\"changed\": {\"fields\": [\"Translation\"]}}]"}}, {"model": "auth.permission", "pk": 1, "fields": {"name": "Can add vocabulary", "content_type": 1, "codename": "add_vocabulary"}}, {"model": "auth.permission", "pk": 2, "fields": {"name": "Can change vocabulary", "content_type": 1, "codename": "change_vocabulary"}}, {"model": "auth.permission", "pk": 3, "fields": {"name": "Can delete vocabulary", "content_type": 1, "codename": "delete_vocabulary"}}, {"model": "auth.permission", "pk": 4, "fields": {"name": "Can view vocabulary", "content_type": 1, "codename": "view_vocabulary"}}, {"model": "auth.permission", "pk": 5, "fields": {"name": "Can add progress", "content_type": 2, "codename": "add_progress"}}, {"model": "auth.permission", "pk": 6, "fields": {"name": "Can change progress", "content_type": 2, "codename": "change_progress"}}, {"model": "auth.permission", "pk": 7, "fields": {"name": "Can delete progress", "content_type": 2, "codename": "delete_progress"}}, {"model": "auth.permission", "pk": 8, "fields": {"name": "Can view progress", "content_type": 2, "codename": "view_progress"}}, {"model": "auth.permission", "pk": 9, "fields": {"name": "Can add log entry", "content_type": 3, "codename": "add_logentry"}}, {"model": "auth.permission", "pk": 10, "fields": {"name": "Can change log entry", "content_type": 3, "codename": "change_logentry"}}, {"model": "auth.permission", "pk": 11, "fields": {"name": "Can delete log entry", "content_type": 3, "codename": "delete_logentry"}}, {"model": "auth.permission", "pk": 12, "fields": {"name": "Can view log entry", "content_type": 3, "codename": "view_logentry"}}, {"model": "auth.permission", "pk": 13, "fields": {"name": "Can add permission", "content_type": 4, "codename": "add_permission"}}, {"model": "auth.permission", "pk": 14, "fields": {"name": "Can change permission", "content_type": 4, "codename": "change_permission"}}, {"model": "auth.permission", "pk": 15, "fields": {"name": "Can delete permission", "content_type": 4, "codename": "delete_permission"}}, {"model": "auth.permission", "pk": 16, "fields": {"name": "Can view permission", "content_type": 4, "codename": "view_permission"}}, {"model": "auth.permission", "pk": 17, "fields": {"name": "Can add group", "content_type": 5, "codename": "add_group"}}, {"model": "auth.permission", "pk": 18, "fields": {"name": "Can change group", "content_type": 5, "codename": "change_group"}}, {"model": "auth.permission", "pk": 19, "fields": {"name": "Can delete group", "content_type": 5, "codename": "delete_group"}}, {"model": "auth.permission", "pk": 20, "fields": {"name": "Can view group", "content_type": 5, "codename": "view_group"}}, {"model": "auth.permission", "pk": 21, "fields": {"name": "Can add user", "content_type": 6, "codename": "add_user"}}, {"model": "auth.permission", "pk": 22, "fields": {"name": "Can change user", "content_type": 6, "codename": "change_user"}}, {"model": "auth.permission", "pk": 23, "fields": {"name": "Can delete user", "content_type": 6, "codename": "delete_user"}}, {"model": "auth.permission", "pk": 24, "fields": {"name": "Can view user", "content_type": 6, "codename": "view_user"}}, {"model": "auth.permission", "pk": 25, "fields": {"name": "Can add content type", "content_type": 7, "codename": "add_contenttype"}}, {"model": "auth.permission", "pk": 26, "fields": {"name": "Can change content type", "content_type": 7, "codename": "change_contenttype"}}, {"model": "auth.permission", "pk": 27, "fields": {"name": "Can delete content type", "content_type": 7, "codename": "delete_contenttype"}}, {"model": "auth.permission", "pk": 28, "fields": {"name": "Can view content type", "content_type": 7, "codename": "view_contenttype"}}, {"model": "auth.permission", "pk": 29, "fields": {"name": "Can add session", "content_type": 8, "codename": "add_session"}}, {"model": "auth.permission", "pk": 30, "fields": {"name": "Can change session", "content_type": 8, "codename": "change_session"}}, {"model": "auth.permission", "pk": 31, "fields": {"name": "Can delete session", "content_type": 8, "codename": "delete_session"}}, {"model": "auth.permission", "pk": 32, "fields": {"name": "Can view session", "content_type": 8, "codename": "view_session"}}, {"model": "auth.permission", "pk": 33, "fields": {"name": "Can add site", "content_type": 9, "codename": "add_site"}}, {"model": "auth.permission", "pk": 34, "fields": {"name": "Can change site", "content_type": 9, "codename": "change_site"}}, {"model": "auth.permission", "pk": 35, "fields": {"name": "Can delete site", "content_type": 9, "codename": "delete_site"}}, {"model": "auth.permission", "pk": 36, "fields": {"name": "Can view site", "content_type": 9, "codename": "view_site"}}, {"model": "auth.permission", "pk": 37, "fields": {"name": "Can add email address", "content_type": 10, "codename": "add_emailaddress"}}, {"model": "auth.permission", "pk": 38, "fields": {"name": "Can change email address", "content_type": 10, "codename": "change_emailaddress"}}, {"model": "auth.permission", "pk": 39, "fields": {"name": "Can delete email address", "content_type": 10, "codename": "delete_emailaddress"}}, {"model": "auth.permission", "pk": 40, "fields": {"name": "Can view email address", "content_type": 10, "codename": "view_emailaddress"}}, {"model": "auth.permission", "pk": 41, "fields": {"name": "Can add email confirmation", "content_type": 11, "codename": "add_emailconfirmation"}}, {"model": "auth.permission", "pk": 42, "fields": {"name": "Can change email confirmation", "content_type": 11, "codename": "change_emailconfirmation"}}, {"model": "auth.permission", "pk": 43, "fields": {"name": "Can delete email confirmation", "content_type": 11, "codename": "delete_emailconfirmation"}}, {"model": "auth.permission", "pk": 44, "fields": {"name": "Can view email confirmation", "content_type": 11, "codename": "view_emailconfirmation"}}, {"model": "auth.permission", "pk": 45, "fields": {"name": "Can add social account", "content_type": 12, "codename": "add_socialaccount"}}, {"model": "auth.permission", "pk": 46, "fields": {"name": "Can change social account", "content_type": 12, "codename": "change_socialaccount"}}, {"model": "auth.permission", "pk": 47, "fields": {"name": "Can delete social account", "content_type": 12, "codename": "delete_socialaccount"}}, {"model": "auth.permission", "pk": 48, "fields": {"name": "Can view social account", "content_type": 12, "codename": "view_socialaccount"}}, {"model": "auth.permission", "pk": 49, "fields": {"name": "Can add social application", "content_type": 13, "codename": "add_socialapp"}}, {"model": "auth.permission", "pk": 50, "fields": {"name": "Can change social application", "content_type": 13, "codename": "change_socialapp"}}, {"model": "auth.permission", "pk": 51, "fields": {"name": "Can delete social application", "content_type": 13, "codename": "delete_socialapp"}}, {"model": "auth.permission", "pk": 52, "fields": {"name": "Can view social application", "content_type": 13, "codename": "view_socialapp"}}, {"model": "auth.permission", "pk": 53, "fields": {"name": "Can add social application token", "content_type": 14, "codename": "add_socialtoken"}}, {"model": "auth.permission", "pk": 54, "fields": {"name": "Can change social application token", "content_type": 14, "codename": "change_socialtoken"}}, {"model": "auth.permission", "pk": 55, "fields": {"name": "Can delete social application token", "content_type": 14, "codename": "delete_socialtoken"}}, {"model": "auth.permission", "pk": 56, "fields": {"name": "Can view social application token", "content_type": 14, "codename": "view_socialtoken"}}, {"model": "auth.permission", "pk": 57, "fields": {"name": "Can add word", "content_type": 15, "codename": "add_word"}}, {"model": "auth.permission", "pk": 58, "fields": {"name": "Can change word", "content_type": 15, "codename": "change_word"}}, {"model": "auth.permission", "pk": 59, "fields": {"name": "Can delete word", "content_type": 15, "codename": "delete_word"}}, {"model": "auth.permission", "pk": 60, "fields": {"name": "Can view word", "content_type": 15, "codename": "view_word"}}, {"model": "auth.permission", "pk": 61, "fields": {"name": "Can add speech", "content_type": 16, "codename": "add_speech"}}, {"model": "auth.permission", "pk": 62, "fields": {"name": "Can change speech", "content_type": 16, "codename": "change_speech"}}, {"model": "auth.permission", "pk": 63, "fields": {"name": "Can delete speech", "content_type": 16, "codename": "delete_speech"}}, {"model": "auth.permission", "pk": 64, "fields": {"name": "Can view speech", "content_type": 16, "codename": "view_speech"}}, {"model": "auth.permission", "pk": 65, "fields": {"name": "Can add sentence", "content_type": 17, "codename": "add_sentence"}}, {"model": "auth.permission", "pk": 66, "fields": {"name": "Can change sentence", "content_type": 17, "codename": "change_sentence"}}, {"model": "auth.permission", "pk": 67, "fields": {"name": "Can delete sentence", "content_type": 17, "codename": "delete_sentence"}}, {"model": "auth.permission", "pk": 68, "fields": {"name": "Can view sentence", "content_type": 17, "codename": "view_sentence"}}, {"model": "auth.permission", "pk": 69, "fields": {"name": "Can add progress sentence", "content_type": 18, "codename": "add_progresssentence"}}, {"model": "auth.permission", "pk": 70, "fields": {"name": "Can change progress sentence", "content_type": 18, "codename": "change_progresssentence"}}, {"model": "auth.permission", "pk": 71, "fields": {"name": "Can delete progress sentence", "content_type": 18, "codename": "delete_progresssentence"}}, {"model": "auth.permission", "pk": 72, "fields": {"name": "Can view progress sentence", "content_type": 18, "codename": "view_progresssentence"}}, {"model": "auth.permission", "pk": 73, "fields": {"name": "Can add streak", "content_type": 19, "codename": "add_streak"}}, {"model": "auth.permission", "pk": 74, "fields": {"name": "Can change streak", "content_type": 19, "codename": "change_streak"}}, {"model": "auth.permission", "pk": 75, "fields": {"name": "Can delete streak", "content_type": 19, "codename": "delete_streak"}}, {"model": "auth.permission", "pk": 76, "fields": {"name": "Can view streak", "content_type": 19, "codename": "view_streak"}}, {"model": "auth.permission", "pk": 77, "fields": {"name": "Can add progress per hour", "content_type": 20, "codename": "add_progressperhour"}}, {"model": "auth.permission", "pk": 78, "fields": {"name": "Can change progress per hour", "content_type": 20, "codename": "change_progressperhour"}}, {"model": "auth.permission", "pk": 79, "fields": {"name": "Can delete progress per hour", "content_type": 20, "codename": "delete_progressperhour"}}, {"model": "auth.permission", "pk": 80, "fields": {"name": "Can view progress per hour", "content_type": 20, "codename": "view_progressperhour"}}, {"model": "auth.permission", "pk": 81, "fields": {"name": "Can add lection progress", "content_type": 21, "codename": "add_lectionprogress"}}, {"model": "auth.permission", "pk": 82, "fields": {"name": "Can change lection progress", "content_type": 21, "codename": "change_lectionprogress"}}, {"model": "auth.permission", "pk": 83, "fields": {"name": "Can delete lection progress", "content_type": 21, "codename": "delete_lectionprogress"}}, {"model": "auth.permission", "pk": 84, "fields": {"name": "Can view lection progress", "content_type": 21, "codename": "view_lectionprogress"}}, {"model": "auth.permission", "pk": 85, "fields": {"name": "Can add time stamp", "content_type": 22, "codename": "add_timestamp"}}, {"model": "auth.permission", "pk": 86, "fields": {"name": "Can change time stamp", "content_type": 22, "codename": "change_timestamp"}}, {"model": "auth.permission", "pk": 87, "fields": {"name": "Can delete time stamp", "content_type": 22, "codename": "delete_timestamp"}}, {"model": "auth.permission", "pk": 88, "fields": {"name": "Can view time stamp", "content_type": 22, "codename": "view_timestamp"}}, {"model": "auth.permission", "pk": 89, "fields": {"name": "Can add streaks", "content_type": 19, "codename": "add_streaks"}}, {"model": "auth.permission", "pk": 90, "fields": {"name": "Can change streaks", "content_type": 19, "codename": "change_streaks"}}, {"model": "auth.permission", "pk": 91, "fields": {"name": "Can delete streaks", "content_type": 19, "codename": "delete_streaks"}}, {"model": "auth.permission", "pk": 92, "fields": {"name": "Can view streaks", "content_type": 19, "codename": "view_streaks"}}, {"model": "auth.permission", "pk": 93, "fields": {"name": "Can add user settings", "content_type": 23, "codename": "add_usersettings"}}, {"model": "auth.permission", "pk": 94, "fields": {"name": "Can change user settings", "content_type": 23, "codename": "change_usersettings"}}, {"model": "auth.permission", "pk": 95, "fields": {"name": "Can delete user settings", "content_type": 23, "codename": "delete_usersettings"}}, {"model": "auth.permission", "pk": 96, "fields": {"name": "Can view user settings", "content_type": 23, "codename": "view_usersettings"}}, {"model": "auth.user", "pk": 1, "fields": {"password": "pbkdf2_sha256$390000$LyCXBi6lQxHaxSfIaPqBLA$14Z1suStIHuFS3BFJBxnV9TY3SHCQVhkbfyHaijF3EI=", "last_login": "2023-12-01T11:18:35.449Z", "is_superuser": true, "username": "s2197", "first_name": "", "last_name": "", "email": "tim-diedrich@gmx.de", "is_staff": true, "is_active": true, "date_joined": "2023-11-08T15:28:50.246Z", "groups": [], "user_permissions": []}}, {"model": "auth.user", "pk": 2, "fields": {"password": "pbkdf2_sha256$390000$V4GEuTMpNebvGxkLggcTEn$7BOFpUwb7jKbupvyzboOqbHnimxvfwaW55nFxdrGhTk=", "last_login": "2023-11-30T09:58:55.295Z", "is_superuser": false, "username": "user_user", "first_name": "", "last_name": "", "email": "", "is_staff": false, "is_active": true, "date_joined": "2023-11-24T14:09:10.500Z", "groups": [], "user_permissions": []}}, {"model": "auth.user", "pk": 3, "fields": {"password": "pbkdf2_sha256$390000$2JishTVR2HmUgzvAX4h8aD$UQTbJX/BQmEbrpzeYTV+Qzo/E5Dcw4g27Mp7UDNRxPs=", "last_login": "2023-12-01T14:18:39.259Z", "is_superuser": false, "username": "user_a", "first_name": "", "last_name": "", "email": "", "is_staff": false, "is_active": true, "date_joined": "2023-12-01T09:51:55.884Z", "groups": [], "user_permissions": []}}, {"model": "contenttypes.contenttype", "pk": 1, "fields": {"app_label": "app", "model": "vocabulary"}}, {"model": "contenttypes.contenttype", "pk": 2, "fields": {"app_label": "app", "model": "progress"}}, {"model": "contenttypes.contenttype", "pk": 3, "fields": {"app_label": "admin", "model": "logentry"}}, {"model": "contenttypes.contenttype", "pk": 4, "fields": {"app_label": "auth", "model": "permission"}}, {"model": "contenttypes.contenttype", "pk": 5, "fields": {"app_label": "auth", "model": "group"}}, {"model": "contenttypes.contenttype", "pk": 6, "fields": {"app_label": "auth", "model": "user"}}, {"model": "contenttypes.contenttype", "pk": 7, "fields": {"app_label": "contenttypes", "model": "contenttype"}}, {"model": "contenttypes.contenttype", "pk": 8, "fields": {"app_label": "sessions", "model": "session"}}, {"model": "contenttypes.contenttype", "pk": 9, "fields": {"app_label": "sites", "model": "site"}}, {"model": "contenttypes.contenttype", "pk": 10, "fields": {"app_label": "account", "model": "emailaddress"}}, {"model": "contenttypes.contenttype", "pk": 11, "fields": {"app_label": "account", "model": "emailconfirmation"}}, {"model": "contenttypes.contenttype", "pk": 12, "fields": {"app_label": "socialaccount", "model": "socialaccount"}}, {"model": "contenttypes.contenttype", "pk": 13, "fields": {"app_label": "socialaccount", "model": "socialapp"}}, {"model": "contenttypes.contenttype", "pk": 14, "fields": {"app_label": "socialaccount", "model": "socialtoken"}}, {"model": "contenttypes.contenttype", "pk": 15, "fields": {"app_label": "app", "model": "word"}}, {"model": "contenttypes.contenttype", "pk": 16, "fields": {"app_label": "gTTS", "model": "speech"}}, {"model": "contenttypes.contenttype", "pk": 17, "fields": {"app_label": "app", "model": "sentence"}}, {"model": "contenttypes.contenttype", "pk": 18, "fields": {"app_label": "app", "model": "progresssentence"}}, {"model": "contenttypes.contenttype", "pk": 19, "fields": {"app_label": "app", "model": "streaks"}}, {"model": "contenttypes.contenttype", "pk": 20, "fields": {"app_label": "app", "model": "progressperhour"}}, {"model": "contenttypes.contenttype", "pk": 21, "fields": {"app_label": "app", "model": "lectionprogress"}}, {"model": "contenttypes.contenttype", "pk": 22, "fields": {"app_label": "app", "model": "timestamp"}}, {"model": "contenttypes.contenttype", "pk": 23, "fields": {"app_label": "app", "model": "usersettings"}}, {"model": "sessions.session", "pk": "1bkpsdpzfa9kzcomq9olo4ezu29oyq9o", "fields": {"session_data": ".eJxVjk1uwyAQhe_COkJjY4zHy-5zBjTAENNWEBkstYpy99iRF-3u6f18eg9haWuL3SqvNgUxi05c_nqO_BfnIwiflG9F-pLbmpw8KvJMq7yWwN8fZ_cfYKG67Gsg1Cb2ftAYEWFkmKIeWSFr5bw2inZBhL6LoHliVDFEcL0DAwMy7VDyvmy5vdmcW_LUOFhqYu4MwNQZBCOnUQ2m7_cLlWtNJVv-uaf1V8zwfAEqkE2E:1r6SQt:0GF6eFw-I-S_MmmBvoDnnMxIn0_i0NaOgkMXQQhy5cg", "expire_date": "2023-12-08T09:25:07.868Z"}}, {"model": "sessions.session", "pk": "2v4sxpi6di23c2ev2geoubivq5ifeh5x", "fields": {"session_data": ".eJxVjs2uwiAQhd-FtSHTVqDTpXufgQwwWO41YApNNMZ3txoXujs5P1_OXVha22zXyotNQUyiE7tvz5H_5_wKwh_lU5G-5LYkJ18V-UmrPJbA58On-wOYqc7bGgiVib3fK4yIoBnGqDQPyGpwXpmBNkGEvougeGQcYojgegcG9si0Qcn7sub2ZnNuyVPjYKmJqTMAWo0ae2lQg8Jxu1C51lSy5eslLTcxweMJLChNlA:1r5n0u:_BEVHLjVkdwCSAeAQCNnrhUyr2-EEVyhuppQO_6V_aw", "expire_date": "2023-12-06T13:11:32.799Z"}}, {"model": "sessions.session", "pk": "32m8fky38wkk1mk3ju7idroeoxwh8m98", "fields": {"session_data": ".eJxVjk0OwiAQhe_C2hAKhTpduvcMZIDBogZMoYnGeHdb40J3L-_ny3syi0ub7FJptimwkXVs9-s59BfKWxDOmE-F-5LbnBzfKvybVn4sga6Hb_cPMGGd1rVA0EOUvtcQAYQhsY_akALSynk9KFwFIvguCk17AhVDFE46MYgeCFcoel-W3D5syi15bBQsNjZ2BgCMkkpyZRRI068XKtWaSrZ0v6X5wUbxegMsLE2P:1r2s5o:GYocppLsaYfBHnOqhOgxot1OJow5vFXvRAk41jeRWI8", "expire_date": "2023-11-28T12:00:32.367Z"}}, {"model": "sessions.session", "pk": "4zh3hi8joe9393gcry3lbg0nwy82dme0", "fields": {"session_data": ".eJxVjk1uwyAQhe_COkJDbAzjZfc5AxpgiGkriAyWWkW5e-0qi2T39H4-vbtwtPXFbY1Xl6OYhRKnV89T-OJyBPGTyrXKUEtfs5dHRT7TJi818vfHs_sGWKgt-xoItUnnMGpMiDAx2KQnHpD14IM2A-2CCINKoNkyDikm8GcPBkZk2qEUQt1K_2dz6TlQ5-ioi1kZUGqyOClpjR5HY_cLjVvLtTj-ueX1V8zw-AMrjk2P:1r7vl3:iWMfJ0LwSQ31yty-tZj2nLehtq6KvcNhSH4pQ2RrdfM", "expire_date": "2023-12-12T10:56:01.889Z"}}, {"model": "sessions.session", "pk": "55iwr35pi9rel3cxaopzirte8dbk6ier", "fields": {"session_data": ".eJxVjk0OwiAQhe_C2pCplLbTpXvPQAYYLGrAFJpojHe3NS509_J-vrynMLTUySyFZxO9GEUjdr-eJXfhtAX-TOmUpcupztHKrSK_aZHH7Pl6-Hb_ABOVaV0Doe7D3rUaAyJ0DEPQHStkrazTvaJVEKFrAmgeGFXwAezeQg8tMq1Qci4vqX7YnGp0VNkbqmJsegANOGArFXaAql0vFC4l5mT4fovzQ4zwegMrBk2J:1r5AIw:BnVcTsah5w2-9kOvytv4XRZ2lxviyE2B-mtoqYehtVw", "expire_date": "2023-12-04T19:51:34.400Z"}}, {"model": "sessions.session", "pk": "6ja373f8ubmxmzcw61cfs0kqcz27bmj7", "fields": {"session_data": ".eJxVjk1uwyAQhe_CukKDMTbjZfY9AxpgqEkiqAyWWkW5e5woi3b39H4-vZtwtPfV7Y03l6NYhBIffz1P4cLlGcQzla8qQy19y14-K_KdNvlZI19P7-4_wEptPdZAaOY0hNFgQoSJwSYzsUY22gczazoEEQaVwLBl1Ckm8IOHGUZkOqAUQt1Lf7G59Byoc3TUxaJmUFpbbSY54qCssceFxq3lWhz_fOftVyxwfwAqhE2G:1r8dpE:CTGi19Ln5HC4QfdIbvYS98qBknF93wx1lo3YflYOjSk", "expire_date": "2023-12-14T09:59:16.493Z"}}, {"model": "sessions.session", "pk": "6nobyhfirrv3yhf9qvo4w6gfpzt74l0e", "fields": {"session_data": ".eJxVjk1uwyAQhe_COkKD8dgeL7vPGdAAQ0xbQWSw1Krq3etUWbS7p_fz6X0px0ff3NFkdzmqVRl1-et5Dm9SHkF85XKrOtTS9-z1o6KfadPXGuX95dn9B9i4becamHBOQxiREhFMAkvCSSwJWh9wtnwKZgomAcoiZFNM4AcPM4wkfEI5hHqU_suW0nPgLtFxV6uZAXAyNIwaLBpc6LzQpLVci5OPe94_1QrfPymbTX4:1r5Nq8:n__F9uVtV5TjtIRfsFk8b7jhTxRUhqB-9P8sjeinRXs", "expire_date": "2023-12-05T10:18:44.042Z"}}, {"model": "sessions.session", "pk": "ayn7yla9t9s92syishllc7orvzk6qzyp", "fields": {"session_data": ".eJxVjkFuAyEMRe_CukImhGE8y-5zBmTAdEgqiAZGShTl7iVVFu3uy__56T-Eo72vbm-8uRzFIpT4-HvzFC5cXkU8U_mqMtTSt-zlC5HvtslTjfz9-Wb_CVZq6_gGQmPTIRwNJkSYGOZkJtbIRvtgrKYRiDCoBIZnRp1iAn_wYOGITENKIdS99F83l54DdY6OuliUBaXtPGktB64ApzGhcWu5Fse3a97uYoHnDylqTXo:1r8oIr:vzPa4rJsQF8-8gfBVO1FZsq925z3nfHiKvgj7146MEI", "expire_date": "2023-12-14T21:10:33.075Z"}}, {"model": "sessions.session", "pk": "bwkr4tino31aax215bn3hse4d0gbefqs", "fields": {"session_data": ".eJxVjstuwyAQRf-FdYTG4WHGy-77DWiAIaatoDJYahXl3-tUWSS7q_s4ulfhaR-r3ztvviSxiEmcnr1A8ZPrPUgfVC9NxlbHVoK8V-Qj7fK9Jf56e3RfACv19VgDoZnzOWqDGREsg8vGskI2KkQzKzoEEcYpg2HHqHLKEM4BZtDIdEApxrbX8c_mOkqkwcnTEMtkEZ1TCq3UGoy27rjQuffSquef77L9igVufy1bTZk:1r2XK8:EyV_R-NTjmNQISCeO6Wxf3OfQ70C8VIUElEDVXYnojg", "expire_date": "2023-11-27T13:49:56.447Z"}}, {"model": "sessions.session", "pk": "crj7s3ass49l0stc3cq2i9elaksp14e2", "fields": {"session_data": ".eJxVjMEOgjAQRP-lZ9MslKWsR-98Q7NttxY1JaFwMv67kHDQ22Tem3krx9ua3VZlcVNUV9Woy2_nOTylHCA-uNxnHeayLpPXh6JPWvU4R3ndTvfvIHPN-xqY0KY2dEiJCHqBIWEvhgSND2gN74GZQpMAZRAyKSbwrQcLHQmrzxfdhDgU:1r0kWh:-ELdlbzpSjsUYIwfsqcCAKL3pZtai7RlLShYHoQD6Ko", "expire_date": "2023-11-22T15:31:31.590Z"}}, {"model": "sessions.session", "pk": "fd8hel23ovkdtqj70fdx0b2px2kbh353", "fields": {"session_data": ".eJxVjk1uwyAQhe_COkIDNga87L5nQAMMMUkFlcFSqyh3r115keye3s-n92AOt764rdHqcmQzE-zy6nkMdypHEG9YrpWHWvqaPT8q_Ewb_6yRvj7O7htgwbbsa0CrdJJhVDZZCxOBSWqiwZIafFB6wF0g2iASKDJkhxQTeOlBw2gJdyiGULfS_9lUeg7YKTrsbBYahJjAGMOlniTI_UGj1nItjn6-8_rLZnj-Ad93TUc:1r7teq:ec_y6-tCqhl9nZBy6fEno9oNZGbcoVyIvFBDLfNyz2A", "expire_date": "2023-12-12T08:41:28.287Z"}}, {"model": "sessions.session", "pk": "hm4zh7bdma62euz6voehupgi7j1qv690", "fields": {"session_data": ".eJxVjk1uwyAQhe_COkKDMbbHy-5zBjTAENNWEBkstYpy99iRF-3u6f18eg9haWuL3SqvNgUxCyUufz1H_ovzEYRPyrcifcltTU4eFXmmVV5L4O-Ps_sPsFBd9jUQmjF2vjcYEWFgmKIZWCMb7bwZNe2CCL2KYHhi1DFEcJ2DEXpk2qHkfdlye7M5t-SpcbDUxKxGUJ2BDnup1TBM0O8XKteaSrb8c0_rr5jh-QIo4013:1r8Gus:z0JWjSdwM6hJyLfpZwfvnvnty1LOoj_cfaTSQpywEBg", "expire_date": "2023-12-13T09:31:34.323Z"}}, {"model": "sessions.session", "pk": "ooklst88eot0q8ilz6odm11c9o3sszhc", "fields": {"session_data": ".eJxVjkEOwiAURO_C2pAPtIBduvcM5ANfixowhSYa491tTRe6nXnzMi_mcG6jmytNLkU2MMV2v5nHcKW8FvGC-Vx4KLlNyfMV4Vtb-bFEuh029k8wYh2XNVpEI06SDNg9ktFoeusthCUCDbGPAhDIeyEomk7aACp2Wkqx4FqtUgyhzLl93ZRbCtgoOmxsEAZE14ESey61sro3y4VKtaaSHT3uaXqyAd4fI4JNKg:1r94Ln:JEPgMBrr3nneBK4-skxA-tuZlVAUnX8XsVw_hWBjDjI", "expire_date": "2023-12-15T14:18:39.265Z"}}, {"model": "sessions.session", "pk": "tmmddzv7vq6n86tc1byojgga7erzi0fk", "fields": {"session_data": ".eJxVjssOwiAQRf-FtSHTB7TTpXu_gQwwWNSAKTTRGP_dalzo7uY-Tu5DGFrrbNbCi4leTKIRu1_Pkjtzegf-ROmYpcupLtHKd0V-0yIP2fNl_-3-AWYq87YGQjWE1vUKAyJohjEozR2y6qxTQ0ebIELXBFA8MnbBB7CthQF6ZNqg5FxeU_2wOdXoqLI3VMXUDNBAq3s9SkTdYq-2C4VLiTkZvl3jchcTPF8q_k2L:1r7Kgm:NsdwqBf_pfuFpqbPrHOWXfNtlzvbUNpTebti5SLLBdQ", "expire_date": "2023-12-10T19:21:08.999Z"}}, {"model": "sessions.session", "pk": "vbciwh4ouxs6gbw1d14mgudxvm4nsa37", "fields": {"session_data": ".eJxVjk1uwyAQhe_CukJjMCbjZfc5AxpgqGkriAyWEkW5e-woi3b39H4-vbtwtPXFbY1Xl6OYxSA-_nqewg-XI4jfVL6qDLX0NXt5VOQ7bfJcI_9-vrv_AAu1ZV8DobFJhdFgQoSJ4ZTMxBrZaB-M1bQLIgxDAsMnRp1iAq88WBiRaYdSCHUr_cXm0nOgztFRF_MwIVo1GgVyUEpbhfuFxq3lWhxfL3m9iRkeTyq6TYM:1r1rzc:Qim353okWAUnpX5dk1rBUJJKkUjur0u4pmnW6gJaRz0", "expire_date": "2023-11-25T17:42:00.127Z"}}, {"model": "sessions.session", "pk": "wvrxb56t6fzdo42voblti9r1zlgd3ph6", "fields": {"session_data": ".eJxVjstuwyAQRf-FdYQw5hG87L7fgMYzQ0xbQWWw1CrKv5dUWSS70T33Hs1VRDj6Fo_Ge8wkFqHF6TlbAT-53AF9QLlUibX0Pa_yXpEP2uR7Jf56e3RfBBu0bawREiWVdAo8abRokKx1nr2beTY0jvNgarW8OiBM2mhHVpG3BCk4HFJArEfp_24uPSN0pghdLJNX6mzUZLxULoSg5_FC49ZyLZF_vvP-KxZ1-wOeqU5z:1r6YDb:njrRMfJmpON0v-C90m4ihRQjHZIcp7u48XE7LO0aVZU", "expire_date": "2023-12-08T15:35:47.072Z"}}, {"model": "sessions.session", "pk": "y0x3u7a3gtkrsmxflzbfp11g375uvfpm", "fields": {"session_data": ".eJxVjk0OwiAQhe_C2pBpC6V06d4zkAEGixowhSYa491tTRe6e3k_X96LGVzqZJZCs4mejaxhh1_PortS2gJ_wXTO3OVU52j5VuF7Wvgpe7od9-4fYMIyrWtALVVonZA6aA09wRBkT50m2VknVYerQNSuCSBpIN0FH8C2FhQITbhC0bm8pPplU6rRYSVvsLKxUQBKiF4pLlUreyHWC4VKiTkZetzj_GQjvD8q8U2I:1r69Nl:1DeDFsSXRhhvUlIhPgOzdCzTVBbtBwpgLXSFIblrMDA", "expire_date": "2023-12-07T13:04:37.576Z"}}, {"model": "sites.site", "pk": 1, "fields": {"domain": "example.com", "name": "example.com"}}]